label,outcome,n_yes,n_no,mean_yes,mean_no,diff_yes_minus_no,diff_ci95_low,diff_ci95_high,welch_p,cohen_d,spearman_r,spearman_p,spearman_n
any deviation,stress_severity,733,399.0,1.8115609909266117,1.8192942674145685,-0.007733276487956742,,,0.9121131443102596,-0.006894423920063551,,,
any coherent pattern,stress_severity,117,1015.0,2.030911680911681,1.7893162092423176,0.24159547166936335,,,0.019239169328813123,0.2235190004695498,,,
any confident coherent pattern,stress_severity,51,1081.0,2.1526143790849677,1.7983249636579886,0.3542894154269791,,,0.015239794109930876,0.3363612852970896,,,
n_dev,stress_severity,1132,,,,,,,0.27989386003644134,,0.03214346056547182,0.27989386003644134,1132.0
n_pat,stress_severity,1132,,,,,,,0.027843416474253643,,0.06537520654987464,0.027843416474253643,1132.0
risk_index,stress_severity,1132,,,,,,,0.10777331027395538,,0.047826720845903455,0.10777331027395538,1132.0
