label,outcome,n_yes,n_no,mean_yes,mean_no,diff_yes_minus_no,diff_ci95_low,diff_ci95_high,welch_p,cohen_d
phone-mediated-sleep-delay (required coverage >= 0.45),stress_severity,18,1114,1.8472222222222223,1.8137545951953493,0.033467627026873004,-0.4160216191737926,0.46750096229077126,0.882359710345652,0.03243889677718518
behavioral-withdrawal (required coverage >= 0.45),stress_severity,27,1105,2.4320987654320985,1.7991909071320835,0.632907858300015,0.15073774624238193,1.0060585325501197,0.0018292393090801485,0.6134666197223934
circadian-instability (required coverage >= 0.45),stress_severity,47,1085,1.9893617021276595,1.8067028746982665,0.182658827429393,-0.1889046908292507,0.42786590267718283,0.2689834247665831,0.1650206152780992
fragmented-attention-with-sleep-loss (required coverage >= 0.45),stress_severity,11,1121,1.9727272727272727,1.81273204196933,0.15999523075794264,-0.5280010583914314,0.7738754666434395,0.6632541127321101,0.13937778546415058
any coherent pattern (required coverage >= 0.45),stress_severity,51,1081,2.1526143790849677,1.7983249636579886,0.3542894154269791,0.13011815401338966,0.531355553512451,0.015239794109930876,0.3363612852970896
