label,outcome,n_yes,n_no,mean_yes,mean_no,diff_yes_minus_no,diff_ci95_low,diff_ci95_high,welch_p,cohen_d
phone-mediated-sleep-delay,stress_severity,24,1108,1.8645833333333333,1.8131973096097647,0.0513860237235686,-0.4171264398954386,0.49833202776331625,0.8021752199723817,0.04882471306462797
behavioral-withdrawal,stress_severity,27,1105,2.4320987654320985,1.7991909071320835,0.632907858300015,0.15073774624238193,1.0060585325501197,0.0018292393090801485,0.6134666197223934
circadian-instability,stress_severity,57,1075,1.9210526315789473,1.80862569213732,0.1124269394416273,-0.1925114139448125,0.3810157156129809,0.4429340824737288,0.10272385321892351
fragmented-attention-with-sleep-loss,stress_severity,13,1119,1.9769230769230768,1.8123973360568533,0.1645257408662235,-0.5373389516838556,0.7427878493253164,0.6171891413874817,0.14510308621937393
any coherent pattern,stress_severity,117,1015,2.030911680911681,1.7893162092423176,0.24159547166936335,0.010794550311707087,0.42726242021893535,0.019239169328813123,0.2235190004695498
