label,n_participants_with_both,n_positive,percent_positive,median_within_person_diff,mean_within_person_diff,sign_test_p
any coherent pattern,22,13,59.09090909090909,0.19087301587301586,0.2531961288350326,0.5234670639038086
phone-mediated-sleep-delay,9,5,55.55555555555556,0.2393939393939395,0.09606144993412845,1.0
behavioral-withdrawal,6,4,66.66666666666667,0.4131944444444443,0.4901858279013451,0.6875
circadian-instability,10,4,40.0,-0.13055555555555565,-0.023311311105580136,0.75390625
fragmented-attention-with-sleep-loss,2,2,100.0,1.3509615384615383,1.3509615384615383,0.5
